source,category,index_id,type,stack_size,name,display,file,item_type,sort,data_ref,tooltip,gun_ammo,ammo_amount,weight,rpm,fire_mode,default_fire_mode,bullet_damage,bullet_speed,data_file,extended_mag_level
index,ammo,tacz:12g,,36,tacz.ammo.12g.name,tacz:12g_display,C:\Users\User\AppData\Roaming\.minecraft\versions\Lucky World Invasion 2.7.2\tacz\tacz_default_gun\data\tacz\index\ammo\12g.json,,,,,,,,,,,,,,
index,ammo,tacz:308,,48,tacz.ammo.308.name,tacz:308_display,C:\Users\User\AppData\Roaming\.minecraft\versions\Lucky World Invasion 2.7.2\tacz\tacz_default_gun\data\tacz\index\ammo\308.json,,,,,,,,,,,,,,
index,ammo,tacz:30_06,,36,tacz.ammo.30_06.name,tacz:30_06_display,C:\Users\User\AppData\Roaming\.minecraft\versions\Lucky World Invasion 2.7.2\tacz\tacz_default_gun\data\tacz\index\ammo\30_06.json,,,,,,,,,,,,,,
index,ammo,tacz:338,,30,tacz.ammo.338.name,tacz:338_display,C:\Users\User\AppData\Roaming\.minecraft\versions\Lucky World Invasion 2.7.2\tacz\tacz_default_gun\data\tacz\index\ammo\338.json,,,,,,,,,,,,,,
index,ammo,tacz:357mag,,48,tacz.ammo.357mag.name,tacz:357mag_display,C:\Users\User\AppData\Roaming\.minecraft\versions\Lucky World Invasion 2.7.2\tacz\tacz_default_gun\data\tacz\index\ammo\357mag.json,,,,,,,,,,,,,,
index,ammo,tacz:40mm,,6,tacz.ammo.40mm.name,tacz:40mm_display,C:\Users\User\AppData\Roaming\.minecraft\versions\Lucky World Invasion 2.7.2\tacz\tacz_default_gun\data\tacz\index\ammo\40mm.json,,,,,,,,,,,,,,
index,ammo,tacz:45_70,,48,tacz.ammo.45_70.name,tacz:45_70_display,C:\Users\User\AppData\Roaming\.minecraft\versions\Lucky World Invasion 2.7.2\tacz\tacz_default_gun\data\tacz\index\ammo\45_70.json,,,,,,,,,,,,,,
index,ammo,tacz:45acp,,60,tacz.ammo.45acp.name,tacz:45acp_display,C:\Users\User\AppData\Roaming\.minecraft\versions\Lucky World Invasion 2.7.2\tacz\tacz_default_gun\data\tacz\index\ammo\45acp.json,,,,,,,,,,,,,,
index,ammo,tacz:46x30,,60,tacz.ammo.46x30.name,tacz:46x30_display,C:\Users\User\AppData\Roaming\.minecraft\versions\Lucky World Invasion 2.7.2\tacz\tacz_default_gun\data\tacz\index\ammo\46x30.json,,,,,,,,,,,,,,
index,ammo,tacz:50ae,,48,tacz.ammo.50ae.name,tacz:50ae_display,C:\Users\User\AppData\Roaming\.minecraft\versions\Lucky World Invasion 2.7.2\tacz\tacz_default_gun\data\tacz\index\ammo\50ae.json,,,,,,,,,,,,,,
index,ammo,tacz:50bmg,,30,tacz.ammo.50bmg.name,tacz:50bmg_display,C:\Users\User\AppData\Roaming\.minecraft\versions\Lucky World Invasion 2.7.2\tacz\tacz_default_gun\data\tacz\index\ammo\50bmg.json,,,,,,,,,,,,,,
index,ammo,tacz:556x45,,60,tacz.ammo.556x45.name,tacz:556x45_display,C:\Users\User\AppData\Roaming\.minecraft\versions\Lucky World Invasion 2.7.2\tacz\tacz_default_gun\data\tacz\index\ammo\556x45.json,,,,,,,,,,,,,,
index,ammo,tacz:57x28,,60,tacz.ammo.57x28.name,tacz:57x28_display,C:\Users\User\AppData\Roaming\.minecraft\versions\Lucky World Invasion 2.7.2\tacz\tacz_default_gun\data\tacz\index\ammo\57x28.json,,,,,,,,,,,,,,
index,ammo,tacz:58x42,,60,tacz.ammo.58x42.name,tacz:58x42_display,C:\Users\User\AppData\Roaming\.minecraft\versions\Lucky World Invasion 2.7.2\tacz\tacz_default_gun\data\tacz\index\ammo\58x42.json,,,,,,,,,,,,,,
index,ammo,tacz:68x51fury,,60,tacz.ammo.68x51fury.name,tacz:68x51fury_display,C:\Users\User\AppData\Roaming\.minecraft\versions\Lucky World Invasion 2.7.2\tacz\tacz_default_gun\data\tacz\index\ammo\68x51fury.json,,,,,,,,,,,,,,
index,ammo,tacz:762x25,,60,tacz.ammo.762x25.name,tacz:762x25_display,C:\Users\User\AppData\Roaming\.minecraft\versions\Lucky World Invasion 2.7.2\tacz\tacz_default_gun\data\tacz\index\ammo\762x25.json,,,,,,,,,,,,,,
index,ammo,tacz:762x39,,60,tacz.ammo.762x39.name,tacz:762x39_display,C:\Users\User\AppData\Roaming\.minecraft\versions\Lucky World Invasion 2.7.2\tacz\tacz_default_gun\data\tacz\index\ammo\762x39.json,,,,,,,,,,,,,,
index,ammo,tacz:762x54,,60,tacz.ammo.762x54.name,tacz:762x54_display,C:\Users\User\AppData\Roaming\.minecraft\versions\Lucky World Invasion 2.7.2\tacz\tacz_default_gun\data\tacz\index\ammo\762x54.json,,,,,,,,,,,,,,
index,ammo,tacz:9mm,,60,tacz.ammo.9mm.name,tacz:9mm_display,C:\Users\User\AppData\Roaming\.minecraft\versions\Lucky World Invasion 2.7.2\tacz\tacz_default_gun\data\tacz\index\ammo\9mm.json,,,,,,,,,,,,,,
index,ammo,tacz:rpg_rocket,,6,tacz.ammo.rpg_rocket.name,tacz:rpg_rocket_display,C:\Users\User\AppData\Roaming\.minecraft\versions\Lucky World Invasion 2.7.2\tacz\tacz_default_gun\data\tacz\index\ammo\rpg_rocket.json,,,,,,,,,,,,,,
index,guns,tacz:aa12,shotgun,,tacz.gun.aa12.name,tacz:aa12_display,C:\Users\User\AppData\Roaming\.minecraft\versions\Lucky World Invasion 2.7.2\tacz\tacz_default_gun\data\tacz\index\guns\aa12.json,,2,tacz:aa12_data,tacz.gun.aa12.desc,tacz:12g,8,5.2,350,semi|auto,AUTO,30,130,C:\Users\User\AppData\Roaming\.minecraft\versions\Lucky World Invasion 2.7.2\tacz\tacz_default_gun\data\tacz\data\guns\aa12_data.json,
index,guns,tacz:ai_awp,sniper,,tacz.gun.ai_awp.name,tacz:ai_awp_display,C:\Users\User\AppData\Roaming\.minecraft\versions\Lucky World Invasion 2.7.2\tacz\tacz_default_gun\data\tacz\index\guns\ai_awp.json,,,tacz:ai_awp_data,tacz.gun.ai_awp.desc,tacz:338,5,6.9,171,semi,SEMI,42,575,C:\Users\User\AppData\Roaming\.minecraft\versions\Lucky World Invasion 2.7.2\tacz\tacz_default_gun\data\tacz\data\guns\ai_awp_data.json,
index,guns,tacz:ak47,rifle,,tacz.gun.ak47.name,tacz:ak47_display,C:\Users\User\AppData\Roaming\.minecraft\versions\Lucky World Invasion 2.7.2\tacz\tacz_default_gun\data\tacz\index\guns\ak47.json,modern_kinetic,1,tacz:ak47_data,tacz.gun.ak47.desc,tacz:762x39,30,3.5,600,auto|semi,AUTO,9,250,C:\Users\User\AppData\Roaming\.minecraft\versions\Lucky World Invasion 2.7.2\tacz\tacz_default_gun\data\tacz\data\guns\ak47_data.json,
index,guns,tacz:aug,rifle,,tacz.gun.aug.name,tacz:aug_display,C:\Users\User\AppData\Roaming\.minecraft\versions\Lucky World Invasion 2.7.2\tacz\tacz_default_gun\data\tacz\index\guns\aug.json,,10,tacz:aug_data,tacz.gun.aug.desc,tacz:556x45,30,3.1,710,auto|semi,AUTO,7,295,C:\Users\User\AppData\Roaming\.minecraft\versions\Lucky World Invasion 2.7.2\tacz\tacz_default_gun\data\tacz\data\guns\aug_data.json,
index,guns,tacz:b93r,pistol,,tacz.gun.b93r.name,tacz:b93r_display,C:\Users\User\AppData\Roaming\.minecraft\versions\Lucky World Invasion 2.7.2\tacz\tacz_default_gun\data\tacz\index\guns\b93r.json,,,tacz:b93r_data,tacz.gun.b93r.desc,tacz:9mm,20,1.5,900,burst|semi,SEMI,7.5,190,C:\Users\User\AppData\Roaming\.minecraft\versions\Lucky World Invasion 2.7.2\tacz\tacz_default_gun\data\tacz\data\guns\b93r_data.json,
index,guns,tacz:cz75,pistol,,tacz.gun.cz75.name,tacz:cz75_display,C:\Users\User\AppData\Roaming\.minecraft\versions\Lucky World Invasion 2.7.2\tacz\tacz_default_gun\data\tacz\index\guns\cz75.json,,,tacz:cz75_data,tacz.gun.cz75.desc,tacz:9mm,16,1.1,900,auto,AUTO,5,180,C:\Users\User\AppData\Roaming\.minecraft\versions\Lucky World Invasion 2.7.2\tacz\tacz_default_gun\data\tacz\data\guns\cz75_data.json,
index,guns,tacz:db_long,shotgun,,tacz.gun.db_long.name,tacz:db_long_display,C:\Users\User\AppData\Roaming\.minecraft\versions\Lucky World Invasion 2.7.2\tacz\tacz_default_gun\data\tacz\index\guns\db_long.json,,,tacz:db_long_data,tacz.gun.db_long.desc,tacz:12g,2,3.2,100,semi,SEMI,30,150,C:\Users\User\AppData\Roaming\.minecraft\versions\Lucky World Invasion 2.7.2\tacz\tacz_default_gun\data\tacz\data\guns\db_long_data.json,
index,guns,tacz:db_short,shotgun,,tacz.gun.db_short.name,tacz:db_short_display,C:\Users\User\AppData\Roaming\.minecraft\versions\Lucky World Invasion 2.7.2\tacz\tacz_default_gun\data\tacz\index\guns\db_short.json,,,tacz:db_short_data,tacz.gun.db_short.desc,tacz:12g,2,2.1,150,burst|semi,SEMI,24,120,C:\Users\User\AppData\Roaming\.minecraft\versions\Lucky World Invasion 2.7.2\tacz\tacz_default_gun\data\tacz\data\guns\db_short_data.json,
index,guns,tacz:deagle,pistol,,tacz.gun.deagle.name,tacz:deagle_display,C:\Users\User\AppData\Roaming\.minecraft\versions\Lucky World Invasion 2.7.2\tacz\tacz_default_gun\data\tacz\index\guns\deagle.json,,,tacz:deagle_data,tacz.gun.deagle.desc,tacz:50ae,7,2,300,semi,SEMI,16,170,C:\Users\User\AppData\Roaming\.minecraft\versions\Lucky World Invasion 2.7.2\tacz\tacz_default_gun\data\tacz\data\guns\deagle_data.json,
index,guns,tacz:deagle_golden,pistol,,tacz.gun.deagle_golden.name,tacz:deagle_golden_display,C:\Users\User\AppData\Roaming\.minecraft\versions\Lucky World Invasion 2.7.2\tacz\tacz_default_gun\data\tacz\index\guns\deagle_golden.json,,,tacz:deagle_golden_data,tacz.gun.deagle_golden.desc,tacz:357mag,9,2,350,semi,SEMI,12,200,C:\Users\User\AppData\Roaming\.minecraft\versions\Lucky World Invasion 2.7.2\tacz\tacz_default_gun\data\tacz\data\guns\deagle_golden_data.json,
index,guns,tacz:g36k,rifle,,tacz.gun.g36k.name,tacz:g36k_display,C:\Users\User\AppData\Roaming\.minecraft\versions\Lucky World Invasion 2.7.2\tacz\tacz_default_gun\data\tacz\index\guns\g36k.json,,10,tacz:g36k_data,tacz.gun.g36k.desc,tacz:556x45,30,3.3,780,auto|semi,AUTO,7,310,C:\Users\User\AppData\Roaming\.minecraft\versions\Lucky World Invasion 2.7.2\tacz\tacz_default_gun\data\tacz\data\guns\g36k_data.json,
index,guns,tacz:glock_17,pistol,,tacz.gun.glock_17.name,tacz:glock_17_display,C:\Users\User\AppData\Roaming\.minecraft\versions\Lucky World Invasion 2.7.2\tacz\tacz_default_gun\data\tacz\index\guns\glock_17.json,,,tacz:glock_17_data,tacz.gun.glock_17.desc,tacz:9mm,17,1,400,semi,SEMI,6,150,C:\Users\User\AppData\Roaming\.minecraft\versions\Lucky World Invasion 2.7.2\tacz\tacz_default_gun\data\tacz\data\guns\glock_17_data.json,
index,guns,tacz:hk416d,rifle,,tacz.gun.hk416d.name,tacz:hk416d_display,C:\Users\User\AppData\Roaming\.minecraft\versions\Lucky World Invasion 2.7.2\tacz\tacz_default_gun\data\tacz\index\guns\hk416d.json,,2,tacz:hk416d_data,tacz.gun.hk416d.desc,tacz:556x45,30,3.4,850,auto|semi,AUTO,7.5,290,C:\Users\User\AppData\Roaming\.minecraft\versions\Lucky World Invasion 2.7.2\tacz\tacz_default_gun\data\tacz\data\guns\hk416d_data.json,
index,guns,tacz:hk_g3,rifle,,tacz.gun.hk_g3.name,tacz:hk_g3_display,C:\Users\User\AppData\Roaming\.minecraft\versions\Lucky World Invasion 2.7.2\tacz\tacz_default_gun\data\tacz\index\guns\hk_g3.json,,3,tacz:hk_g3_data,tacz.gun.hk_g3.desc,tacz:308,20,4.3,350,semi|auto,AUTO,12,270,C:\Users\User\AppData\Roaming\.minecraft\versions\Lucky World Invasion 2.7.2\tacz\tacz_default_gun\data\tacz\data\guns\hk_g3_data.json,
index,guns,tacz:hk_mp5a5,smg,,tacz.gun.hk_mp5a5.name,tacz:hk_mp5a5_display,C:\Users\User\AppData\Roaming\.minecraft\versions\Lucky World Invasion 2.7.2\tacz\tacz_default_gun\data\tacz\index\guns\hk_mp5a5.json,,,tacz:hk_mp5a5_data,tacz.gun.hk_mp5a5.desc,tacz:9mm,30,2.5,820,auto|burst|semi,AUTO,6,180,C:\Users\User\AppData\Roaming\.minecraft\versions\Lucky World Invasion 2.7.2\tacz\tacz_default_gun\data\tacz\data\guns\hk_mp5a5_data.json,
index,guns,tacz:m107,sniper,,tacz.gun.m107.name,tacz:m107_display,C:\Users\User\AppData\Roaming\.minecraft\versions\Lucky World Invasion 2.7.2\tacz\tacz_default_gun\data\tacz\index\guns\m107.json,,,tacz:m107_data,tacz.gun.m107.desc,tacz:50bmg,10,10.5,400,semi,SEMI,55,400,C:\Users\User\AppData\Roaming\.minecraft\versions\Lucky World Invasion 2.7.2\tacz\tacz_default_gun\data\tacz\data\guns\m107_data.json,
index,guns,tacz:m16a1,rifle,,tacz.gun.m16a1.name,tacz:m16a1_display,C:\Users\User\AppData\Roaming\.minecraft\versions\Lucky World Invasion 2.7.2\tacz\tacz_default_gun\data\tacz\index\guns\m16a1.json,,3,tacz:m16a1_data,tacz.gun.m16a1.desc,tacz:556x45,20,3.6,750,auto|semi,AUTO,7,275,C:\Users\User\AppData\Roaming\.minecraft\versions\Lucky World Invasion 2.7.2\tacz\tacz_default_gun\data\tacz\data\guns\m16a1_data.json,
index,guns,tacz:m16a4,rifle,,tacz.gun.m16a4.name,tacz:m16a4_display,C:\Users\User\AppData\Roaming\.minecraft\versions\Lucky World Invasion 2.7.2\tacz\tacz_default_gun\data\tacz\index\guns\m16a4.json,,4,tacz:m16a4_data,tacz.gun.m16a4.desc,tacz:556x45,30,3.6,400,burst|semi,SEMI,8,305,C:\Users\User\AppData\Roaming\.minecraft\versions\Lucky World Invasion 2.7.2\tacz\tacz_default_gun\data\tacz\data\guns\m16a4_data.json,
index,guns,tacz:m1911,pistol,,tacz.gun.m1911.name,tacz:m1911_display,C:\Users\User\AppData\Roaming\.minecraft\versions\Lucky World Invasion 2.7.2\tacz\tacz_default_gun\data\tacz\index\guns\m1911.json,,,tacz:m1911_data,tacz.gun.m1911.desc,tacz:45acp,7,1.2,350,semi,SEMI,11,170,C:\Users\User\AppData\Roaming\.minecraft\versions\Lucky World Invasion 2.7.2\tacz\tacz_default_gun\data\tacz\data\guns\m1911_data.json,
index,guns,tacz:m249,mg,,tacz.gun.m249.name,tacz:m249_display,C:\Users\User\AppData\Roaming\.minecraft\versions\Lucky World Invasion 2.7.2\tacz\tacz_default_gun\data\tacz\index\guns\m249.json,,1,tacz:m249_data,tacz.gun.m249.desc,tacz:556x45,75,8,750,auto,AUTO,7.5,280,C:\Users\User\AppData\Roaming\.minecraft\versions\Lucky World Invasion 2.7.2\tacz\tacz_default_gun\data\tacz\data\guns\m249_data.json,
index,guns,tacz:m320,rpg,,tacz.gun.m320.name,tacz:m320_display,C:\Users\User\AppData\Roaming\.minecraft\versions\Lucky World Invasion 2.7.2\tacz\tacz_default_gun\data\tacz\index\guns\m320.json,,,tacz:m320_data,tacz.gun.m320.desc,tacz:40mm,1,3.6,150,semi,SEMI,10,60,C:\Users\User\AppData\Roaming\.minecraft\versions\Lucky World Invasion 2.7.2\tacz\tacz_default_gun\data\tacz\data\guns\m320_data.json,
index,guns,tacz:m4a1,rifle,,tacz.gun.m4a1.name,tacz:m4a1_display,C:\Users\User\AppData\Roaming\.minecraft\versions\Lucky World Invasion 2.7.2\tacz\tacz_default_gun\data\tacz\index\guns\m4a1.json,,2,tacz:m4a1_data,tacz.gun.m4a1.desc,tacz:556x45,30,3.5,810,auto|semi,AUTO,6.5,270,C:\Users\User\AppData\Roaming\.minecraft\versions\Lucky World Invasion 2.7.2\tacz\tacz_default_gun\data\tacz\data\guns\m4a1_data.json,
index,guns,tacz:m700,sniper,,tacz.gun.m700.name,tacz:m700_display,C:\Users\User\AppData\Roaming\.minecraft\versions\Lucky World Invasion 2.7.2\tacz\tacz_default_gun\data\tacz\index\guns\m700.json,,,tacz:m700_data,tacz.gun.m700.desc,tacz:30_06,5,6.5,180,semi,SEMI,24,380,C:\Users\User\AppData\Roaming\.minecraft\versions\Lucky World Invasion 2.7.2\tacz\tacz_default_gun\data\tacz\data\guns\m700_data.json,
index,guns,tacz:m870,shotgun,,tacz.gun.m870.name,tacz:m870_display,C:\Users\User\AppData\Roaming\.minecraft\versions\Lucky World Invasion 2.7.2\tacz\tacz_default_gun\data\tacz\index\guns\m870.json,modern_kinetic,1,tacz:m870_data,tacz.gun.m870.desc,tacz:12g,5,3.2,180,semi,SEMI,36,150,C:\Users\User\AppData\Roaming\.minecraft\versions\Lucky World Invasion 2.7.2\tacz\tacz_default_gun\data\tacz\data\guns\m870_data.json,
index,guns,tacz:m95,sniper,,tacz.gun.m95.name,tacz:m95_display,C:\Users\User\AppData\Roaming\.minecraft\versions\Lucky World Invasion 2.7.2\tacz\tacz_default_gun\data\tacz\index\guns\m95.json,,,tacz:m95_data,tacz.gun.m95.desc,tacz:50bmg,5,10.7,151,semi,SEMI,75,400,C:\Users\User\AppData\Roaming\.minecraft\versions\Lucky World Invasion 2.7.2\tacz\tacz_default_gun\data\tacz\data\guns\m95_data.json,
index,guns,tacz:minigun,mg,,tacz.gun.minigun.name,tacz:minigun_display,C:\Users\User\AppData\Roaming\.minecraft\versions\Lucky World Invasion 2.7.2\tacz\tacz_default_gun\data\tacz\index\guns\minigun.json,modern_kinetic,1,tacz:minigun_data,tacz.gun.minigun.desc,tacz:308,,15.5,1200,auto|burst,AUTO,8,300,C:\Users\User\AppData\Roaming\.minecraft\versions\Lucky World Invasion 2.7.2\tacz\tacz_default_gun\data\tacz\data\guns\minigun_data.json,
index,guns,tacz:mk14,rifle,,tacz.gun.mk14.name,tacz:mk14_display,C:\Users\User\AppData\Roaming\.minecraft\versions\Lucky World Invasion 2.7.2\tacz\tacz_default_gun\data\tacz\index\guns\mk14.json,,4,tacz:mk14_data,tacz.gun.mk14.desc,tacz:308,10,5.1,300,semi|auto,AUTO,16,310,C:\Users\User\AppData\Roaming\.minecraft\versions\Lucky World Invasion 2.7.2\tacz\tacz_default_gun\data\tacz\data\guns\mk14_data.json,
index,guns,tacz:p320,pistol,,tacz.gun.p320.name,tacz:p320_display,C:\Users\User\AppData\Roaming\.minecraft\versions\Lucky World Invasion 2.7.2\tacz\tacz_default_gun\data\tacz\index\guns\p320.json,,,tacz:p320_data,tacz.gun.p320.desc,tacz:45acp,12,1.2,450,semi,SEMI,10,170,C:\Users\User\AppData\Roaming\.minecraft\versions\Lucky World Invasion 2.7.2\tacz\tacz_default_gun\data\tacz\data\guns\p320_data.json,
index,guns,tacz:p90,smg,,tacz.gun.p90.name,tacz:p90_display,C:\Users\User\AppData\Roaming\.minecraft\versions\Lucky World Invasion 2.7.2\tacz\tacz_default_gun\data\tacz\index\guns\p90.json,,,tacz:p90_data,tacz.gun.p90.desc,tacz:57x28,50,2.5,810,auto|burst,AUTO,5.5,310,C:\Users\User\AppData\Roaming\.minecraft\versions\Lucky World Invasion 2.7.2\tacz\tacz_default_gun\data\tacz\data\guns\p90_data.json,
index,guns,tacz:qbz_95,rifle,,tacz.gun.qbz_95.name,tacz:qbz_95_display,C:\Users\User\AppData\Roaming\.minecraft\versions\Lucky World Invasion 2.7.2\tacz\tacz_default_gun\data\tacz\index\guns\qbz_95.json,modern_kinetic,1,tacz:qbz_95_data,tacz.gun.qbz_95.desc,tacz:58x42,30,3.5,660,auto|semi|burst,AUTO,7.5,265,C:\Users\User\AppData\Roaming\.minecraft\versions\Lucky World Invasion 2.7.2\tacz\tacz_default_gun\data\tacz\data\guns\qbz_95_data.json,
index,guns,tacz:rpg7,rpg,,tacz.gun.rpg7.name,tacz:rpg7_display,C:\Users\User\AppData\Roaming\.minecraft\versions\Lucky World Invasion 2.7.2\tacz\tacz_default_gun\data\tacz\index\guns\rpg7.json,,,tacz:rpg7_data,tacz.gun.rpg7.desc,tacz:rpg_rocket,1,6.3,150,semi,SEMI,20,80,C:\Users\User\AppData\Roaming\.minecraft\versions\Lucky World Invasion 2.7.2\tacz\tacz_default_gun\data\tacz\data\guns\rpg7_data.json,
index,guns,tacz:rpk,mg,,tacz.gun.rpk.name,tacz:rpk_display,C:\Users\User\AppData\Roaming\.minecraft\versions\Lucky World Invasion 2.7.2\tacz\tacz_default_gun\data\tacz\index\guns\rpk.json,modern_kinetic,2,tacz:rpk_data,tacz.gun.rpk.desc,tacz:762x39,40,4.5,630,auto|semi,AUTO,10,270,C:\Users\User\AppData\Roaming\.minecraft\versions\Lucky World Invasion 2.7.2\tacz\tacz_default_gun\data\tacz\data\guns\rpk_data.json,
index,guns,tacz:scar_h,rifle,,tacz.gun.scar_h.name,tacz:scar_h_display,C:\Users\User\AppData\Roaming\.minecraft\versions\Lucky World Invasion 2.7.2\tacz\tacz_default_gun\data\tacz\index\guns\scar_h.json,,4,tacz:scar_h_data,tacz.gun.scar_h.desc,tacz:308,20,4.6,570,semi|auto,AUTO,14,320,C:\Users\User\AppData\Roaming\.minecraft\versions\Lucky World Invasion 2.7.2\tacz\tacz_default_gun\data\tacz\data\guns\scar_h_data.json,
index,guns,tacz:scar_l,rifle,,tacz.gun.scar_l.name,tacz:scar_l_display,C:\Users\User\AppData\Roaming\.minecraft\versions\Lucky World Invasion 2.7.2\tacz\tacz_default_gun\data\tacz\index\guns\scar_l.json,,4,tacz:scar_l_data,tacz.gun.scar_l.desc,tacz:556x45,30,3.5,650,auto|burst|semi,AUTO,7.5,290,C:\Users\User\AppData\Roaming\.minecraft\versions\Lucky World Invasion 2.7.2\tacz\tacz_default_gun\data\tacz\data\guns\scar_l_data.json,
index,guns,tacz:sks_tactical,rifle,,tacz.gun.sks_tactical.name,tacz:sks_tactical_display,C:\Users\User\AppData\Roaming\.minecraft\versions\Lucky World Invasion 2.7.2\tacz\tacz_default_gun\data\tacz\index\guns\sks_tactical.json,,,tacz:sks_tactical_data,tacz.gun.sks_tactical.desc,tacz:762x39,10,3.85,510,semi,SEMI,11,300,C:\Users\User\AppData\Roaming\.minecraft\versions\Lucky World Invasion 2.7.2\tacz\tacz_default_gun\data\tacz\data\guns\sks_tactical_data.json,
index,guns,tacz:spr15hb,rifle,,tacz.gun.spr15hb.name,tacz:spr15hb_display,C:\Users\User\AppData\Roaming\.minecraft\versions\Lucky World Invasion 2.7.2\tacz\tacz_default_gun\data\tacz\index\guns\spr15hb.json,,4,tacz:spr15hb_data,tacz.gun.spr15hb.desc,tacz:556x45,15,3.2,700,semi|burst,SEMI,10,450,C:\Users\User\AppData\Roaming\.minecraft\versions\Lucky World Invasion 2.7.2\tacz\tacz_default_gun\data\tacz\data\guns\spr15hb_data.json,
index,guns,tacz:springfield1873,sniper,,tacz.gun.springfield1873.name,tacz:springfield1873_display,C:\Users\User\AppData\Roaming\.minecraft\versions\Lucky World Invasion 2.7.2\tacz\tacz_default_gun\data\tacz\index\guns\springfield1873.json,,,tacz:springfield1873_data,tacz.gun.springfield1873.desc,tacz:45_70,1,3.5,90,semi,SEMI,35,233,C:\Users\User\AppData\Roaming\.minecraft\versions\Lucky World Invasion 2.7.2\tacz\tacz_default_gun\data\tacz\data\guns\springfield1873_data.json,
index,guns,tacz:timeless50,pistol,,tacz.gun.timeless50.name,tacz:timeless50_display,C:\Users\User\AppData\Roaming\.minecraft\versions\Lucky World Invasion 2.7.2\tacz\tacz_default_gun\data\tacz\index\guns\timeless50.json,,,tacz:timeless50_data,tacz.gun.timeless50.desc,tacz:50ae,8,,300,semi,SEMI,15,160,C:\Users\User\AppData\Roaming\.minecraft\versions\Lucky World Invasion 2.7.2\tacz\tacz_default_gun\data\tacz\data\guns\timeless50_data.json,
index,guns,tacz:type_81,rifle,,tacz.gun.type_81.name,tacz:type_81_display,C:\Users\User\AppData\Roaming\.minecraft\versions\Lucky World Invasion 2.7.2\tacz\tacz_default_gun\data\tacz\index\guns\type_81.json,modern_kinetic,1,tacz:type_81_data,tacz.gun.type_81.desc,tacz:762x39,30,3.5,630,auto|semi,AUTO,9,245,C:\Users\User\AppData\Roaming\.minecraft\versions\Lucky World Invasion 2.7.2\tacz\tacz_default_gun\data\tacz\data\guns\type_81_data.json,
index,guns,tacz:ump45,smg,,tacz.gun.ump45.name,tacz:ump45_display,C:\Users\User\AppData\Roaming\.minecraft\versions\Lucky World Invasion 2.7.2\tacz\tacz_default_gun\data\tacz\index\guns\ump45.json,,,tacz:ump45_data,tacz.gun.ump45.desc,tacz:45acp,25,2.65,660,auto|burst,AUTO,9,190,C:\Users\User\AppData\Roaming\.minecraft\versions\Lucky World Invasion 2.7.2\tacz\tacz_default_gun\data\tacz\data\guns\ump45_data.json,
index,guns,tacz:uzi,smg,,tacz.gun.uzi.name,tacz:uzi_display,C:\Users\User\AppData\Roaming\.minecraft\versions\Lucky World Invasion 2.7.2\tacz\tacz_default_gun\data\tacz\index\guns\uzi.json,,,tacz:uzi_data,tacz.gun.uzi.desc,tacz:9mm,20,4,600,auto,AUTO,6.5,180,C:\Users\User\AppData\Roaming\.minecraft\versions\Lucky World Invasion 2.7.2\tacz\tacz_default_gun\data\tacz\data\guns\uzi_data.json,
index,guns,tacz:vector45,smg,,tacz.gun.vector45.name,tacz:vector45_display,C:\Users\User\AppData\Roaming\.minecraft\versions\Lucky World Invasion 2.7.2\tacz\tacz_default_gun\data\tacz\index\guns\vector45.json,,,tacz:vector45_data,tacz.gun.vector45.desc,tacz:45acp,20,3.0,1200,auto|burst|semi,AUTO,7,180,C:\Users\User\AppData\Roaming\.minecraft\versions\Lucky World Invasion 2.7.2\tacz\tacz_default_gun\data\tacz\data\guns\vector45_data.json,
index,attachments,tacz:ammo_mod_fmj,extended_mag,,tacz.attachment.ammo_mod_fmj.name,tacz:ammo_mod_fmj_display,C:\Users\User\AppData\Roaming\.minecraft\versions\Lucky World Invasion 2.7.2\tacz\tacz_default_gun\data\tacz\index\attachments\ammo_mod_fmj.json,,,tacz:ammo_mod_fmj_data,,,,0.6,,,,,,C:\Users\User\AppData\Roaming\.minecraft\versions\Lucky World Invasion 2.7.2\tacz\tacz_default_gun\data\tacz\data\attachments\ammo_mod_fmj_data.json,3
index,attachments,tacz:ammo_mod_he,extended_mag,,tacz.attachment.ammo_mod_he.name,tacz:ammo_mod_he_display,C:\Users\User\AppData\Roaming\.minecraft\versions\Lucky World Invasion 2.7.2\tacz\tacz_default_gun\data\tacz\index\attachments\ammo_mod_he.json,,,tacz:ammo_mod_he_data,,,,0.6,,,,,,C:\Users\User\AppData\Roaming\.minecraft\versions\Lucky World Invasion 2.7.2\tacz\tacz_default_gun\data\tacz\data\attachments\ammo_mod_he_data.json,1
index,attachments,tacz:ammo_mod_hp,extended_mag,,tacz.attachment.ammo_mod_hp.name,tacz:ammo_mod_hp_display,C:\Users\User\AppData\Roaming\.minecraft\versions\Lucky World Invasion 2.7.2\tacz\tacz_default_gun\data\tacz\index\attachments\ammo_mod_hp.json,,,tacz:ammo_mod_hp_data,,,,0.6,,,,,,C:\Users\User\AppData\Roaming\.minecraft\versions\Lucky World Invasion 2.7.2\tacz\tacz_default_gun\data\tacz\data\attachments\ammo_mod_hp_data.json,3
index,attachments,tacz:ammo_mod_i,extended_mag,,tacz.attachment.ammo_mod_i.name,tacz:ammo_mod_i_display,C:\Users\User\AppData\Roaming\.minecraft\versions\Lucky World Invasion 2.7.2\tacz\tacz_default_gun\data\tacz\index\attachments\ammo_mod_i.json,,,tacz:ammo_mod_i_data,,,,0.6,,,,,,C:\Users\User\AppData\Roaming\.minecraft\versions\Lucky World Invasion 2.7.2\tacz\tacz_default_gun\data\tacz\data\attachments\ammo_mod_i_data.json,3
index,attachments,tacz:bayonet_6h3,muzzle,,tacz.attachment.bayonet_6h3.name,tacz:bayonet_6h3_display,C:\Users\User\AppData\Roaming\.minecraft\versions\Lucky World Invasion 2.7.2\tacz\tacz_default_gun\data\tacz\index\attachments\bayonet_6h3.json,,,tacz:bayonet_6h3_data,,,,0.34,,,,,,C:\Users\User\AppData\Roaming\.minecraft\versions\Lucky World Invasion 2.7.2\tacz\tacz_default_gun\data\tacz\data\attachments\bayonet_6h3_data.json,
index,attachments,tacz:bayonet_m9,muzzle,,tacz.attachment.bayonet_m9.name,tacz:bayonet_m9_display,C:\Users\User\AppData\Roaming\.minecraft\versions\Lucky World Invasion 2.7.2\tacz\tacz_default_gun\data\tacz\index\attachments\bayonet_m9.json,,,tacz:bayonet_m9_data,,,,0.34,,,,,,C:\Users\User\AppData\Roaming\.minecraft\versions\Lucky World Invasion 2.7.2\tacz\tacz_default_gun\data\tacz\data\attachments\bayonet_m9_data.json,
index,attachments,tacz:deagle_golden_long_barrel,muzzle,,tacz.attachment.deagle_golden_long_barrel.name,tacz:deagle_golden_long_barrel_display,C:\Users\User\AppData\Roaming\.minecraft\versions\Lucky World Invasion 2.7.2\tacz\tacz_default_gun\data\tacz\index\attachments\deagle_golden_long_barrel.json,,,tacz:deagle_golden_long_barrel_data,,,,0.4,,,,,,C:\Users\User\AppData\Roaming\.minecraft\versions\Lucky World Invasion 2.7.2\tacz\tacz_default_gun\data\tacz\data\attachments\deagle_golden_long_barrel_data.json,
index,attachments,tacz:extended_mag_1,extended_mag,,tacz.attachment.extended_mag_1.name,tacz:extended_mag_1_display,C:\Users\User\AppData\Roaming\.minecraft\versions\Lucky World Invasion 2.7.2\tacz\tacz_default_gun\data\tacz\index\attachments\extended_mag_1.json,,,tacz:extended_mag_1_data,,,,0.4,,,,,,C:\Users\User\AppData\Roaming\.minecraft\versions\Lucky World Invasion 2.7.2\tacz\tacz_default_gun\data\tacz\data\attachments\extended_mag_1_data.json,1
index,attachments,tacz:extended_mag_2,extended_mag,,tacz.attachment.extended_mag_2.name,tacz:extended_mag_2_display,C:\Users\User\AppData\Roaming\.minecraft\versions\Lucky World Invasion 2.7.2\tacz\tacz_default_gun\data\tacz\index\attachments\extended_mag_2.json,,,tacz:extended_mag_2_data,,,,0.6,,,,,,C:\Users\User\AppData\Roaming\.minecraft\versions\Lucky World Invasion 2.7.2\tacz\tacz_default_gun\data\tacz\data\attachments\extended_mag_2_data.json,2
index,attachments,tacz:extended_mag_3,extended_mag,,tacz.attachment.extended_mag_3.name,tacz:extended_mag_3_display,C:\Users\User\AppData\Roaming\.minecraft\versions\Lucky World Invasion 2.7.2\tacz\tacz_default_gun\data\tacz\index\attachments\extended_mag_3.json,,,tacz:extended_mag_3_data,,,,0.8,,,,,,C:\Users\User\AppData\Roaming\.minecraft\versions\Lucky World Invasion 2.7.2\tacz\tacz_default_gun\data\tacz\data\attachments\extended_mag_3_data.json,3
index,attachments,tacz:grip_cobra,grip,,tacz.attachment.grip_cobra.name,tacz:grip_cobra_display,C:\Users\User\AppData\Roaming\.minecraft\versions\Lucky World Invasion 2.7.2\tacz\tacz_default_gun\data\tacz\index\attachments\grip_cobra.json,,,tacz:grip_cobra_data,,,,0.08,,,,,,C:\Users\User\AppData\Roaming\.minecraft\versions\Lucky World Invasion 2.7.2\tacz\tacz_default_gun\data\tacz\data\attachments\grip_cobra_data.json,
index,attachments,tacz:grip_cqr,grip,,tacz.attachment.grip_cqr,tacz:grip_cqr_display,C:\Users\User\AppData\Roaming\.minecraft\versions\Lucky World Invasion 2.7.2\tacz\tacz_default_gun\data\tacz\index\attachments\grip_cqr.json,,,tacz:grip_cqr_data,,,,0.167,,,,,,C:\Users\User\AppData\Roaming\.minecraft\versions\Lucky World Invasion 2.7.2\tacz\tacz_default_gun\data\tacz\data\attachments\grip_cqr_data.json,
index,attachments,tacz:grip_magpul_afg_2,grip,,tacz.attachment.grip_magpul_afg_2.name,tacz:grip_magpul_afg_2_display,C:\Users\User\AppData\Roaming\.minecraft\versions\Lucky World Invasion 2.7.2\tacz\tacz_default_gun\data\tacz\index\attachments\grip_magpul_afg_2.json,,,tacz:grip_magpul_afg_2_data,,,,0.2,,,,,,C:\Users\User\AppData\Roaming\.minecraft\versions\Lucky World Invasion 2.7.2\tacz\tacz_default_gun\data\tacz\data\attachments\grip_magpul_afg_2_data.json,
index,attachments,tacz:grip_osovets_black,grip,,tacz.attachment.grip_osovets_black.name,tacz:grip_osovets_black_display,C:\Users\User\AppData\Roaming\.minecraft\versions\Lucky World Invasion 2.7.2\tacz\tacz_default_gun\data\tacz\index\attachments\grip_osovets_black.json,,,tacz:grip_osovets_black_data,,,,0.125,,,,,,C:\Users\User\AppData\Roaming\.minecraft\versions\Lucky World Invasion 2.7.2\tacz\tacz_default_gun\data\tacz\data\attachments\grip_osovets_black_data.json,
index,attachments,tacz:grip_rk0,grip,,tacz.attachment.grip_rk0.name,tacz:grip_rk0_display,C:\Users\User\AppData\Roaming\.minecraft\versions\Lucky World Invasion 2.7.2\tacz\tacz_default_gun\data\tacz\index\attachments\grip_rk0.json,,,tacz:grip_rk0_data,,,,0.138,,,,,,C:\Users\User\AppData\Roaming\.minecraft\versions\Lucky World Invasion 2.7.2\tacz\tacz_default_gun\data\tacz\data\attachments\grip_rk0_data.json,
index,attachments,tacz:grip_rk1_b25u,grip,,tacz.attachment.grip_rk1_b25u.name,tacz:grip_rk1_b25u_display,C:\Users\User\AppData\Roaming\.minecraft\versions\Lucky World Invasion 2.7.2\tacz\tacz_default_gun\data\tacz\index\attachments\grip_rk1_b25u.json,,,tacz:grip_rk1_b25u_data,,,,0.18,,,,,,C:\Users\User\AppData\Roaming\.minecraft\versions\Lucky World Invasion 2.7.2\tacz\tacz_default_gun\data\tacz\data\attachments\grip_rk1_b25u_data.json,
index,attachments,tacz:grip_rk6,grip,,tacz.attachment.grip_rk6.name,tacz:grip_rk6_display,C:\Users\User\AppData\Roaming\.minecraft\versions\Lucky World Invasion 2.7.2\tacz\tacz_default_gun\data\tacz\index\attachments\grip_rk6.json,,,tacz:grip_rk6_data,,,,0.1,,,,,,C:\Users\User\AppData\Roaming\.minecraft\versions\Lucky World Invasion 2.7.2\tacz\tacz_default_gun\data\tacz\data\attachments\grip_rk6_data.json,
index,attachments,tacz:grip_se_5,grip,,tacz.attachment.grip_se_5,tacz:grip_se_5_display,C:\Users\User\AppData\Roaming\.minecraft\versions\Lucky World Invasion 2.7.2\tacz\tacz_default_gun\data\tacz\index\attachments\grip_se_5.json,,,tacz:grip_se_5_data,,,,0.09,,,,,,C:\Users\User\AppData\Roaming\.minecraft\versions\Lucky World Invasion 2.7.2\tacz\tacz_default_gun\data\tacz\data\attachments\grip_se_5_data.json,
index,attachments,tacz:grip_td,grip,,tacz.attachment.grip_td,tacz:grip_td_display,C:\Users\User\AppData\Roaming\.minecraft\versions\Lucky World Invasion 2.7.2\tacz\tacz_default_gun\data\tacz\index\attachments\grip_td.json,,,tacz:grip_td_data,,,,0.133,,,,,,C:\Users\User\AppData\Roaming\.minecraft\versions\Lucky World Invasion 2.7.2\tacz\tacz_default_gun\data\tacz\data\attachments\grip_td_data.json,
index,attachments,tacz:grip_vertical_military,grip,,tacz.attachment.grip_vertical_military.name,tacz:grip_vertical_military_display,C:\Users\User\AppData\Roaming\.minecraft\versions\Lucky World Invasion 2.7.2\tacz\tacz_default_gun\data\tacz\index\attachments\grip_vertical_military.json,,,tacz:grip_vertical_military_data,,,,0.25,,,,,,C:\Users\User\AppData\Roaming\.minecraft\versions\Lucky World Invasion 2.7.2\tacz\tacz_default_gun\data\tacz\data\attachments\grip_vertical_military_data.json,
index,attachments,tacz:grip_vertical_ranger,grip,,tacz.attachment.grip_vertical_ranger.name,tacz:grip_vertical_ranger_display,C:\Users\User\AppData\Roaming\.minecraft\versions\Lucky World Invasion 2.7.2\tacz\tacz_default_gun\data\tacz\index\attachments\grip_vertical_ranger.json,,,tacz:grip_vertical_ranger_data,,,,0.8,,,,,,C:\Users\User\AppData\Roaming\.minecraft\versions\Lucky World Invasion 2.7.2\tacz\tacz_default_gun\data\tacz\data\attachments\grip_vertical_ranger_data.json,
index,attachments,tacz:grip_vertical_talon,grip,,tacz.attachment.grip_vertical_talon.name,tacz:grip_vertical_talon_display,C:\Users\User\AppData\Roaming\.minecraft\versions\Lucky World Invasion 2.7.2\tacz\tacz_default_gun\data\tacz\index\attachments\grip_vertical_talon.json,,,tacz:grip_vertical_talon_data,,,,0.2,,,,,,C:\Users\User\AppData\Roaming\.minecraft\versions\Lucky World Invasion 2.7.2\tacz\tacz_default_gun\data\tacz\data\attachments\grip_vertical_talon_data.json,
index,attachments,tacz:laser_compact,laser,,tacz.attachment.laser_compact,tacz:laser_compact_display,C:\Users\User\AppData\Roaming\.minecraft\versions\Lucky World Invasion 2.7.2\tacz\tacz_default_gun\data\tacz\index\attachments\laser_compact.json,,,tacz:laser_compact_data,,,,0.13,,,,,,C:\Users\User\AppData\Roaming\.minecraft\versions\Lucky World Invasion 2.7.2\tacz\tacz_default_gun\data\tacz\data\attachments\laser_compact_data.json,
index,attachments,tacz:laser_lopro,laser,,tacz.attachment.laser_lopro,tacz:laser_lopro_display,C:\Users\User\AppData\Roaming\.minecraft\versions\Lucky World Invasion 2.7.2\tacz\tacz_default_gun\data\tacz\index\attachments\laser_lopro.json,,,tacz:laser_lopro_data,,,,1,,,,,,C:\Users\User\AppData\Roaming\.minecraft\versions\Lucky World Invasion 2.7.2\tacz\tacz_default_gun\data\tacz\data\attachments\laser_lopro_data.json,
index,attachments,tacz:laser_nightstick,laser,,tacz.attachment.laser_nightstick,tacz:laser_nightstick_display,C:\Users\User\AppData\Roaming\.minecraft\versions\Lucky World Invasion 2.7.2\tacz\tacz_default_gun\data\tacz\index\attachments\laser_nightstick.json,,,tacz:laser_nightstick_data,,,,0.2,,,,,,C:\Users\User\AppData\Roaming\.minecraft\versions\Lucky World Invasion 2.7.2\tacz\tacz_default_gun\data\tacz\data\attachments\laser_nightstick_data.json,
index,attachments,tacz:laser_peq15,laser,,tacz.attachment.laser_peq15,tacz:laser_peq15_display,C:\Users\User\AppData\Roaming\.minecraft\versions\Lucky World Invasion 2.7.2\tacz\tacz_default_gun\data\tacz\index\attachments\laser_peq15.json,,,tacz:laser_peq15_data,,,,0.133,,,,,,C:\Users\User\AppData\Roaming\.minecraft\versions\Lucky World Invasion 2.7.2\tacz\tacz_default_gun\data\tacz\data\attachments\laser_peq15_data.json,
index,attachments,tacz:light_extended_mag_1,extended_mag,,tacz.attachment.light_extended_mag_1.name,tacz:light_extended_mag_1_display,C:\Users\User\AppData\Roaming\.minecraft\versions\Lucky World Invasion 2.7.2\tacz\tacz_default_gun\data\tacz\index\attachments\light_extended_mag_1.json,,,tacz:light_extended_mag_1_data,,,,0.2,,,,,,C:\Users\User\AppData\Roaming\.minecraft\versions\Lucky World Invasion 2.7.2\tacz\tacz_default_gun\data\tacz\data\attachments\light_extended_mag_1_data.json,1
index,attachments,tacz:light_extended_mag_2,extended_mag,,tacz.attachment.light_extended_mag_2.name,tacz:light_extended_mag_2_display,C:\Users\User\AppData\Roaming\.minecraft\versions\Lucky World Invasion 2.7.2\tacz\tacz_default_gun\data\tacz\index\attachments\light_extended_mag_2.json,,,tacz:light_extended_mag_2_data,,,,0.3,,,,,,C:\Users\User\AppData\Roaming\.minecraft\versions\Lucky World Invasion 2.7.2\tacz\tacz_default_gun\data\tacz\data\attachments\light_extended_mag_2_data.json,2
index,attachments,tacz:light_extended_mag_3,extended_mag,,tacz.attachment.light_extended_mag_3.name,tacz:light_extended_mag_3_display,C:\Users\User\AppData\Roaming\.minecraft\versions\Lucky World Invasion 2.7.2\tacz\tacz_default_gun\data\tacz\index\attachments\light_extended_mag_3.json,,,tacz:light_extended_mag_3_data,,,,0.4,,,,,,C:\Users\User\AppData\Roaming\.minecraft\versions\Lucky World Invasion 2.7.2\tacz\tacz_default_gun\data\tacz\data\attachments\light_extended_mag_3_data.json,3
index,attachments,tacz:muzzle_brake_cthulhu,muzzle,,tacz.attachment.muzzle_brake_cthulhu.name,tacz:muzzle_brake_cthulhu_display,C:\Users\User\AppData\Roaming\.minecraft\versions\Lucky World Invasion 2.7.2\tacz\tacz_default_gun\data\tacz\index\attachments\muzzle_brake_cthulhu.json,,,tacz:muzzle_brake_cthulhu_data,,,,,,,,,,C:\Users\User\AppData\Roaming\.minecraft\versions\Lucky World Invasion 2.7.2\tacz\tacz_default_gun\data\tacz\data\attachments\muzzle_brake_cthulhu_data.json,
index,attachments,tacz:muzzle_brake_cyclone_d2,muzzle,,tacz.attachment.muzzle_brake_cyclone_d2.name,tacz:muzzle_brake_cyclone_d2_display,C:\Users\User\AppData\Roaming\.minecraft\versions\Lucky World Invasion 2.7.2\tacz\tacz_default_gun\data\tacz\index\attachments\muzzle_brake_cyclone_d2.json,,,tacz:muzzle_brake_cyclone_d2_data,,,,,,,,,,C:\Users\User\AppData\Roaming\.minecraft\versions\Lucky World Invasion 2.7.2\tacz\tacz_default_gun\data\tacz\data\attachments\muzzle_brake_cyclone_d2_data.json,
index,attachments,tacz:muzzle_brake_pioneer,muzzle,,tacz.attachment.muzzle_brake_pioneer.name,tacz:muzzle_brake_pioneer_display,C:\Users\User\AppData\Roaming\.minecraft\versions\Lucky World Invasion 2.7.2\tacz\tacz_default_gun\data\tacz\index\attachments\muzzle_brake_pioneer.json,,,tacz:muzzle_brake_pioneer_data,,,,,,,,,,C:\Users\User\AppData\Roaming\.minecraft\versions\Lucky World Invasion 2.7.2\tacz\tacz_default_gun\data\tacz\data\attachments\muzzle_brake_pioneer_data.json,
index,attachments,tacz:muzzle_brake_timeless50,muzzle,,tacz.attachment.muzzle_brake_timeless50.name,tacz:muzzle_brake_timeless50_display,C:\Users\User\AppData\Roaming\.minecraft\versions\Lucky World Invasion 2.7.2\tacz\tacz_default_gun\data\tacz\index\attachments\muzzle_brake_timeless50.json,,,tacz:muzzle_brake_timeless50_data,,,,,,,,,,C:\Users\User\AppData\Roaming\.minecraft\versions\Lucky World Invasion 2.7.2\tacz\tacz_default_gun\data\tacz\data\attachments\muzzle_brake_timeless50_data.json,
index,attachments,tacz:muzzle_brake_trex,muzzle,,tacz.attachment.muzzle_brake_trex.name,tacz:muzzle_brake_trex_display,C:\Users\User\AppData\Roaming\.minecraft\versions\Lucky World Invasion 2.7.2\tacz\tacz_default_gun\data\tacz\index\attachments\muzzle_brake_trex.json,,,tacz:muzzle_brake_trex_data,,,,0.5,,,,,,C:\Users\User\AppData\Roaming\.minecraft\versions\Lucky World Invasion 2.7.2\tacz\tacz_default_gun\data\tacz\data\attachments\muzzle_brake_trex_data.json,
index,attachments,tacz:muzzle_compensator_trident,muzzle,,tacz.attachment.muzzle_compensator_trident.name,tacz:muzzle_compensator_trident_display,C:\Users\User\AppData\Roaming\.minecraft\versions\Lucky World Invasion 2.7.2\tacz\tacz_default_gun\data\tacz\index\attachments\muzzle_compensator_trident.json,,,tacz:muzzle_compensator_trident_data,,,,,,,,,,C:\Users\User\AppData\Roaming\.minecraft\versions\Lucky World Invasion 2.7.2\tacz\tacz_default_gun\data\tacz\data\attachments\muzzle_compensator_trident_data.json,
index,attachments,tacz:muzzle_silencer_knight_qd,muzzle,,tacz.attachment.muzzle_silencer_knight_qd.name,tacz:muzzle_silencer_knight_qd_display,C:\Users\User\AppData\Roaming\.minecraft\versions\Lucky World Invasion 2.7.2\tacz\tacz_default_gun\data\tacz\index\attachments\muzzle_silencer_knight_qd.json,,,tacz:muzzle_silencer_knight_qd_data,,,,0.35,,,,,,C:\Users\User\AppData\Roaming\.minecraft\versions\Lucky World Invasion 2.7.2\tacz\tacz_default_gun\data\tacz\data\attachments\muzzle_silencer_knight_qd_data.json,
index,attachments,tacz:muzzle_silencer_mirage,muzzle,,tacz.attachment.muzzle_silencer_mirage.name,tacz:muzzle_silencer_mirage_display,C:\Users\User\AppData\Roaming\.minecraft\versions\Lucky World Invasion 2.7.2\tacz\tacz_default_gun\data\tacz\index\attachments\muzzle_silencer_mirage.json,,,tacz:muzzle_silencer_mirage_data,,,,0.15,,,,,,C:\Users\User\AppData\Roaming\.minecraft\versions\Lucky World Invasion 2.7.2\tacz\tacz_default_gun\data\tacz\data\attachments\muzzle_silencer_mirage_data.json,
index,attachments,tacz:muzzle_silencer_phantom_s1,muzzle,,tacz.attachment.muzzle_silencer_phantom_s1.name,tacz:muzzle_silencer_phantom_s1_display,C:\Users\User\AppData\Roaming\.minecraft\versions\Lucky World Invasion 2.7.2\tacz\tacz_default_gun\data\tacz\index\attachments\muzzle_silencer_phantom_s1.json,,,tacz:muzzle_silencer_phantom_s1_data,,,,0.25,,,,,,C:\Users\User\AppData\Roaming\.minecraft\versions\Lucky World Invasion 2.7.2\tacz\tacz_default_gun\data\tacz\data\attachments\muzzle_silencer_phantom_s1_data.json,
index,attachments,tacz:muzzle_silencer_ptilopsis,muzzle,,tacz.attachment.muzzle_silencer_ptilopsis.name,tacz:muzzle_silencer_ptilopsis_display,C:\Users\User\AppData\Roaming\.minecraft\versions\Lucky World Invasion 2.7.2\tacz\tacz_default_gun\data\tacz\index\attachments\muzzle_silencer_ptilopsis.json,,,tacz:muzzle_silencer_ptilopsis_data,,,,0.4,,,,,,C:\Users\User\AppData\Roaming\.minecraft\versions\Lucky World Invasion 2.7.2\tacz\tacz_default_gun\data\tacz\data\attachments\muzzle_silencer_ptilopsis_data.json,
index,attachments,tacz:muzzle_silencer_ursus,muzzle,,tacz.attachment.muzzle_silencer_ursus.name,tacz:muzzle_silencer_ursus_display,C:\Users\User\AppData\Roaming\.minecraft\versions\Lucky World Invasion 2.7.2\tacz\tacz_default_gun\data\tacz\index\attachments\muzzle_silencer_ursus.json,,,tacz:muzzle_silencer_ursus_data,,,,0.35,,,,,,C:\Users\User\AppData\Roaming\.minecraft\versions\Lucky World Invasion 2.7.2\tacz\tacz_default_gun\data\tacz\data\attachments\muzzle_silencer_ursus_data.json,
index,attachments,tacz:muzzle_silencer_vulture,muzzle,,tacz.attachment.muzzle_silencer_vulture.name,tacz:muzzle_silencer_vulture_display,C:\Users\User\AppData\Roaming\.minecraft\versions\Lucky World Invasion 2.7.2\tacz\tacz_default_gun\data\tacz\index\attachments\muzzle_silencer_vulture.json,,,tacz:muzzle_silencer_vulture_data,,,,1.55,,,,,,C:\Users\User\AppData\Roaming\.minecraft\versions\Lucky World Invasion 2.7.2\tacz\tacz_default_gun\data\tacz\data\attachments\muzzle_silencer_vulture_data.json,
index,attachments,tacz:oem_stock_heavy,stock,,tacz.attachment.oem_stock_heavy.name,tacz:oem_stock_heavy_display,C:\Users\User\AppData\Roaming\.minecraft\versions\Lucky World Invasion 2.7.2\tacz\tacz_default_gun\data\tacz\index\attachments\oem_stock_heavy.json,,,tacz:oem_stock_heavy_data,,,,0.5,,,,,,C:\Users\User\AppData\Roaming\.minecraft\versions\Lucky World Invasion 2.7.2\tacz\tacz_default_gun\data\tacz\data\attachments\oem_stock_heavy_data.json,
index,attachments,tacz:oem_stock_light,stock,,tacz.attachment.oem_stock_light.name,tacz:oem_stock_light_display,C:\Users\User\AppData\Roaming\.minecraft\versions\Lucky World Invasion 2.7.2\tacz\tacz_default_gun\data\tacz\index\attachments\oem_stock_light.json,,,tacz:oem_stock_light_data,,,,0.3,,,,,,C:\Users\User\AppData\Roaming\.minecraft\versions\Lucky World Invasion 2.7.2\tacz\tacz_default_gun\data\tacz\data\attachments\oem_stock_light_data.json,
index,attachments,tacz:oem_stock_tactical,stock,,tacz.attachment.oem_stock_tactical.name,tacz:oem_stock_tactical_display,C:\Users\User\AppData\Roaming\.minecraft\versions\Lucky World Invasion 2.7.2\tacz\tacz_default_gun\data\tacz\index\attachments\oem_stock_tactical.json,,,tacz:oem_stock_tactical_data,,,,0.4,,,,,,C:\Users\User\AppData\Roaming\.minecraft\versions\Lucky World Invasion 2.7.2\tacz\tacz_default_gun\data\tacz\data\attachments\oem_stock_tactical_data.json,
index,attachments,tacz:scope_1873_6x,scope,,tacz.attachment.scope_1873_6x.name,tacz:scope_1873_6x_display,C:\Users\User\AppData\Roaming\.minecraft\versions\Lucky World Invasion 2.7.2\tacz\tacz_default_gun\data\tacz\index\attachments\scope_1873_6x.json,,,tacz:scope_1873_6x_data,,,,1,,,,,,C:\Users\User\AppData\Roaming\.minecraft\versions\Lucky World Invasion 2.7.2\tacz\tacz_default_gun\data\tacz\data\attachments\scope_1873_6x_data.json,
index,attachments,tacz:scope_acog_ta31,scope,,tacz.attachment.scope_acog_ta31.name,tacz:scope_acog_ta31_display,C:\Users\User\AppData\Roaming\.minecraft\versions\Lucky World Invasion 2.7.2\tacz\tacz_default_gun\data\tacz\index\attachments\scope_acog_ta31.json,,,tacz:scope_acog_ta31_data,,,,1.2,,,,,,C:\Users\User\AppData\Roaming\.minecraft\versions\Lucky World Invasion 2.7.2\tacz\tacz_default_gun\data\tacz\data\attachments\scope_acog_ta31_data.json,
index,attachments,tacz:scope_aug_default,scope,,tacz.attachment.scope_aug_default.name,tacz:scope_aug_default_display,C:\Users\User\AppData\Roaming\.minecraft\versions\Lucky World Invasion 2.7.2\tacz\tacz_default_gun\data\tacz\index\attachments\scope_aug_default.json,,,tacz:scope_aug_default_data,,,,0.1,,,,,,C:\Users\User\AppData\Roaming\.minecraft\versions\Lucky World Invasion 2.7.2\tacz\tacz_default_gun\data\tacz\data\attachments\scope_aug_default_data.json,
index,attachments,tacz:scope_contender,scope,,tacz.attachment.scope_contender.name,tacz:scope_contender_display,C:\Users\User\AppData\Roaming\.minecraft\versions\Lucky World Invasion 2.7.2\tacz\tacz_default_gun\data\tacz\index\attachments\scope_contender.json,,,tacz:scope_contender_data,,,,1.6,,,,,,C:\Users\User\AppData\Roaming\.minecraft\versions\Lucky World Invasion 2.7.2\tacz\tacz_default_gun\data\tacz\data\attachments\scope_contender_data.json,
index,attachments,tacz:scope_elcan_4x,scope,,tacz.attachment.scope_elcan_4x.name,tacz:scope_elcan_4x_display,C:\Users\User\AppData\Roaming\.minecraft\versions\Lucky World Invasion 2.7.2\tacz\tacz_default_gun\data\tacz\index\attachments\scope_elcan_4x.json,,,tacz:scope_elcan_4x_data,,,,1.6,,,,,,C:\Users\User\AppData\Roaming\.minecraft\versions\Lucky World Invasion 2.7.2\tacz\tacz_default_gun\data\tacz\data\attachments\scope_elcan_4x_data.json,
index,attachments,tacz:scope_hamr,scope,,tacz.attachment.scope_hamr.name,tacz:scope_hamr_display,C:\Users\User\AppData\Roaming\.minecraft\versions\Lucky World Invasion 2.7.2\tacz\tacz_default_gun\data\tacz\index\attachments\scope_hamr.json,,,tacz:scope_hamr_data,,,,0.85,,,,,,C:\Users\User\AppData\Roaming\.minecraft\versions\Lucky World Invasion 2.7.2\tacz\tacz_default_gun\data\tacz\data\attachments\scope_hamr_data.json,
index,attachments,tacz:scope_lpvo_1_6,scope,,tacz.attachment.scope_lpvo_1_6.name,tacz:scope_lpvo_1_6_display,C:\Users\User\AppData\Roaming\.minecraft\versions\Lucky World Invasion 2.7.2\tacz\tacz_default_gun\data\tacz\index\attachments\scope_lpvo_1_6.json,,,tacz:scope_lpvo_1_6_data,,,,1.3,,,,,,C:\Users\User\AppData\Roaming\.minecraft\versions\Lucky World Invasion 2.7.2\tacz\tacz_default_gun\data\tacz\data\attachments\scope_lpvo_1_6_data.json,
index,attachments,tacz:scope_mk5hd,scope,,tacz.attachment.scope_mk5hd.name,tacz:scope_mk5hd_display,C:\Users\User\AppData\Roaming\.minecraft\versions\Lucky World Invasion 2.7.2\tacz\tacz_default_gun\data\tacz\index\attachments\scope_mk5hd.json,,,tacz:scope_mk5hd_data,,,,0.85,,,,,,C:\Users\User\AppData\Roaming\.minecraft\versions\Lucky World Invasion 2.7.2\tacz\tacz_default_gun\data\tacz\data\attachments\scope_mk5hd_data.json,
index,attachments,tacz:scope_retro_2x,scope,,tacz.attachment.scope_retro_2x.name,tacz:scope_retro_2x_display,C:\Users\User\AppData\Roaming\.minecraft\versions\Lucky World Invasion 2.7.2\tacz\tacz_default_gun\data\tacz\index\attachments\scope_retro_2x.json,,,tacz:scope_retro_2x_data,,,,1.6,,,,,,C:\Users\User\AppData\Roaming\.minecraft\versions\Lucky World Invasion 2.7.2\tacz\tacz_default_gun\data\tacz\data\attachments\scope_retro_2x_data.json,
index,attachments,tacz:scope_standard_8x,scope,,tacz.attachment.scope_standard_8x.name,tacz:scope_scout_display,C:\Users\User\AppData\Roaming\.minecraft\versions\Lucky World Invasion 2.7.2\tacz\tacz_default_gun\data\tacz\index\attachments\scope_standard_8x.json,,,tacz:scope_scout_data,,,,2.0,,,,,,C:\Users\User\AppData\Roaming\.minecraft\versions\Lucky World Invasion 2.7.2\tacz\tacz_default_gun\data\tacz\data\attachments\scope_scout_data.json,
index,attachments,tacz:scope_vudu,scope,,tacz.attachment.scope_vudu.name,tacz:scope_vudu_display,C:\Users\User\AppData\Roaming\.minecraft\versions\Lucky World Invasion 2.7.2\tacz\tacz_default_gun\data\tacz\index\attachments\scope_vudu.json,,,tacz:scope_vudu_data,,,,0.85,,,,,,C:\Users\User\AppData\Roaming\.minecraft\versions\Lucky World Invasion 2.7.2\tacz\tacz_default_gun\data\tacz\data\attachments\scope_vudu_data.json,
index,attachments,tacz:sight_552,scope,,tacz.attachment.sight_552.name,tacz:sight_552_display,C:\Users\User\AppData\Roaming\.minecraft\versions\Lucky World Invasion 2.7.2\tacz\tacz_default_gun\data\tacz\index\attachments\sight_552.json,,,tacz:sight_552_data,,,,0.4,,,,,,C:\Users\User\AppData\Roaming\.minecraft\versions\Lucky World Invasion 2.7.2\tacz\tacz_default_gun\data\tacz\data\attachments\sight_552_data.json,
index,attachments,tacz:sight_acro_pistol,scope,,tacz.attachment.sight_acro_pistol.name,tacz:sight_acro_pistol_display,C:\Users\User\AppData\Roaming\.minecraft\versions\Lucky World Invasion 2.7.2\tacz\tacz_default_gun\data\tacz\index\attachments\sight_acro_pistol.json,,,tacz:sight_acro_pistol_data,,,,0.4,,,,,,C:\Users\User\AppData\Roaming\.minecraft\versions\Lucky World Invasion 2.7.2\tacz\tacz_default_gun\data\tacz\data\attachments\sight_acro_pistol_data.json,
index,attachments,tacz:sight_acro_rifle,scope,,tacz.attachment.sight_acro_rifle.name,tacz:sight_acro_rifle_display,C:\Users\User\AppData\Roaming\.minecraft\versions\Lucky World Invasion 2.7.2\tacz\tacz_default_gun\data\tacz\index\attachments\sight_acro_rifle.json,,,tacz:sight_acro_rifle_data,,,,0.5,,,,,,C:\Users\User\AppData\Roaming\.minecraft\versions\Lucky World Invasion 2.7.2\tacz\tacz_default_gun\data\tacz\data\attachments\sight_acro_rifle_data.json,
index,attachments,tacz:sight_coyote,scope,,tacz.attachment.sight_coyote.name,tacz:sight_coyote_display,C:\Users\User\AppData\Roaming\.minecraft\versions\Lucky World Invasion 2.7.2\tacz\tacz_default_gun\data\tacz\index\attachments\sight_coyote.json,,,tacz:sight_coyote_data,,,,0.25,,,,,,C:\Users\User\AppData\Roaming\.minecraft\versions\Lucky World Invasion 2.7.2\tacz\tacz_default_gun\data\tacz\data\attachments\sight_coyote_data.json,
index,attachments,tacz:sight_deltapoint_pistol,scope,,tacz.attachment.sight_deltapoint_pistol.name,tacz:sight_deltapoint_pistol_display,C:\Users\User\AppData\Roaming\.minecraft\versions\Lucky World Invasion 2.7.2\tacz\tacz_default_gun\data\tacz\index\attachments\sight_deltapoint_pistol.json,,,tacz:sight_deltapoint_pistol_data,,,,0.4,,,,,,C:\Users\User\AppData\Roaming\.minecraft\versions\Lucky World Invasion 2.7.2\tacz\tacz_default_gun\data\tacz\data\attachments\sight_deltapoint_pistol_data.json,
index,attachments,tacz:sight_deltapoint_rifle,scope,,tacz.attachment.sight_deltapoint_rifle.name,tacz:sight_deltapoint_rifle_display,C:\Users\User\AppData\Roaming\.minecraft\versions\Lucky World Invasion 2.7.2\tacz\tacz_default_gun\data\tacz\index\attachments\sight_deltapoint_rifle.json,,,tacz:sight_deltapoint_rifle_data,,,,0.5,,,,,,C:\Users\User\AppData\Roaming\.minecraft\versions\Lucky World Invasion 2.7.2\tacz\tacz_default_gun\data\tacz\data\attachments\sight_deltapoint_rifle_data.json,
index,attachments,tacz:sight_exp3,scope,,tacz.attachment.sight_exp3.name,tacz:sight_exp3_display,C:\Users\User\AppData\Roaming\.minecraft\versions\Lucky World Invasion 2.7.2\tacz\tacz_default_gun\data\tacz\index\attachments\sight_exp3.json,,,tacz:sight_exp3_data,,,,0.35,,,,,,C:\Users\User\AppData\Roaming\.minecraft\versions\Lucky World Invasion 2.7.2\tacz\tacz_default_gun\data\tacz\data\attachments\sight_exp3_data.json,
index,attachments,tacz:sight_fastfire_pistol,scope,,tacz.attachment.sight_fastfire_pistol.name,tacz:sight_fastfire_pistol_display,C:\Users\User\AppData\Roaming\.minecraft\versions\Lucky World Invasion 2.7.2\tacz\tacz_default_gun\data\tacz\index\attachments\sight_fastfire_pistol.json,,,tacz:sight_fastfire_pistol_data,,,,0.4,,,,,,C:\Users\User\AppData\Roaming\.minecraft\versions\Lucky World Invasion 2.7.2\tacz\tacz_default_gun\data\tacz\data\attachments\sight_fastfire_pistol_data.json,
index,attachments,tacz:sight_fastfire_rifle,scope,,tacz.attachment.sight_fastfire_rifle.name,tacz:sight_fastfire_rifle_display,C:\Users\User\AppData\Roaming\.minecraft\versions\Lucky World Invasion 2.7.2\tacz\tacz_default_gun\data\tacz\index\attachments\sight_fastfire_rifle.json,,,tacz:sight_fastfire_rifle_data,,,,0.5,,,,,,C:\Users\User\AppData\Roaming\.minecraft\versions\Lucky World Invasion 2.7.2\tacz\tacz_default_gun\data\tacz\data\attachments\sight_fastfire_rifle_data.json,
index,attachments,tacz:sight_okp7,scope,,tacz.attachment.sight_okp7.name,tacz:sight_okp7_display,C:\Users\User\AppData\Roaming\.minecraft\versions\Lucky World Invasion 2.7.2\tacz\tacz_default_gun\data\tacz\index\attachments\sight_okp7.json,,,tacz:sight_okp7_data,,,,0.4,,,,,,C:\Users\User\AppData\Roaming\.minecraft\versions\Lucky World Invasion 2.7.2\tacz\tacz_default_gun\data\tacz\data\attachments\sight_okp7_data.json,
index,attachments,tacz:sight_p90,scope,,tacz.attachment.sight_p90.name,tacz:sight_p90_display,C:\Users\User\AppData\Roaming\.minecraft\versions\Lucky World Invasion 2.7.2\tacz\tacz_default_gun\data\tacz\index\attachments\sight_p90.json,,,tacz:sight_p90_data,,,,0.35,,,,,,C:\Users\User\AppData\Roaming\.minecraft\versions\Lucky World Invasion 2.7.2\tacz\tacz_default_gun\data\tacz\data\attachments\sight_p90_data.json,
index,attachments,tacz:sight_pk06_pistol,scope,,tacz.attachment.sight_pk06_pistol.name,tacz:sight_pk06_pistol_display,C:\Users\User\AppData\Roaming\.minecraft\versions\Lucky World Invasion 2.7.2\tacz\tacz_default_gun\data\tacz\index\attachments\sight_pk06_pistol.json,,,tacz:sight_pk06_pistol_data,,,,0.4,,,,,,C:\Users\User\AppData\Roaming\.minecraft\versions\Lucky World Invasion 2.7.2\tacz\tacz_default_gun\data\tacz\data\attachments\sight_pk06_pistol_data.json,
index,attachments,tacz:sight_pk06_rifle,scope,,tacz.attachment.sight_pk06_rifle.name,tacz:sight_pk06_rifle_display,C:\Users\User\AppData\Roaming\.minecraft\versions\Lucky World Invasion 2.7.2\tacz\tacz_default_gun\data\tacz\index\attachments\sight_pk06_rifle.json,,,tacz:sight_pk06_rifle_data,,,,0.5,,,,,,C:\Users\User\AppData\Roaming\.minecraft\versions\Lucky World Invasion 2.7.2\tacz\tacz_default_gun\data\tacz\data\attachments\sight_pk06_rifle_data.json,
index,attachments,tacz:sight_rmr_dot,scope,,tacz.attachment.sight_rmr_dot.name,tacz:sight_rmr_dot_display,C:\Users\User\AppData\Roaming\.minecraft\versions\Lucky World Invasion 2.7.2\tacz\tacz_default_gun\data\tacz\index\attachments\sight_rmr_dot.json,,,tacz:sight_rmr_dot_data,,,,0.1,,,,,,C:\Users\User\AppData\Roaming\.minecraft\versions\Lucky World Invasion 2.7.2\tacz\tacz_default_gun\data\tacz\data\attachments\sight_rmr_dot_data.json,
index,attachments,tacz:sight_sro_dot,scope,,tacz.attachment.sight_sro_dot.name,tacz:sight_sro_dot_display,C:\Users\User\AppData\Roaming\.minecraft\versions\Lucky World Invasion 2.7.2\tacz\tacz_default_gun\data\tacz\index\attachments\sight_sro_dot.json,,,tacz:sight_sro_dot_data,,,,0.1,,,,,,C:\Users\User\AppData\Roaming\.minecraft\versions\Lucky World Invasion 2.7.2\tacz\tacz_default_gun\data\tacz\data\attachments\sight_sro_dot_data.json,
index,attachments,tacz:sight_srs_02,scope,,tacz.attachment.sight_srs_02.name,tacz:sight_srs_02_display,C:\Users\User\AppData\Roaming\.minecraft\versions\Lucky World Invasion 2.7.2\tacz\tacz_default_gun\data\tacz\index\attachments\sight_srs_02.json,,,tacz:sight_srs_02_data,,,,0.8,,,,,,C:\Users\User\AppData\Roaming\.minecraft\versions\Lucky World Invasion 2.7.2\tacz\tacz_default_gun\data\tacz\data\attachments\sight_srs_02_data.json,
index,attachments,tacz:sight_t1,scope,,tacz.attachment.sight_t1.name,tacz:sight_t1_display,C:\Users\User\AppData\Roaming\.minecraft\versions\Lucky World Invasion 2.7.2\tacz\tacz_default_gun\data\tacz\index\attachments\sight_t1.json,,,tacz:sight_t1_data,,,,0.2,,,,,,C:\Users\User\AppData\Roaming\.minecraft\versions\Lucky World Invasion 2.7.2\tacz\tacz_default_gun\data\tacz\data\attachments\sight_t1_data.json,
index,attachments,tacz:sight_t2,scope,,tacz.attachment.sight_t2.name,tacz:sight_t2_display,C:\Users\User\AppData\Roaming\.minecraft\versions\Lucky World Invasion 2.7.2\tacz\tacz_default_gun\data\tacz\index\attachments\sight_t2.json,,,tacz:sight_t2_data,,,,0.25,,,,,,C:\Users\User\AppData\Roaming\.minecraft\versions\Lucky World Invasion 2.7.2\tacz\tacz_default_gun\data\tacz\data\attachments\sight_t2_data.json,
index,attachments,tacz:sight_uh1,scope,,tacz.attachment.sight_uh1.name,tacz:sight_uh1_display,C:\Users\User\AppData\Roaming\.minecraft\versions\Lucky World Invasion 2.7.2\tacz\tacz_default_gun\data\tacz\index\attachments\sight_uh1.json,,,tacz:sight_uh1_data,,,,0.3,,,,,,C:\Users\User\AppData\Roaming\.minecraft\versions\Lucky World Invasion 2.7.2\tacz\tacz_default_gun\data\tacz\data\attachments\sight_uh1_data.json,
index,attachments,tacz:sniper_extended_mag_1,extended_mag,,tacz.attachment.sniper_extended_mag_1.name,tacz:sniper_extended_mag_1_display,C:\Users\User\AppData\Roaming\.minecraft\versions\Lucky World Invasion 2.7.2\tacz\tacz_default_gun\data\tacz\index\attachments\sniper_extended_mag_1.json,,,tacz:sniper_extended_mag_1_data,,,,0.5,,,,,,C:\Users\User\AppData\Roaming\.minecraft\versions\Lucky World Invasion 2.7.2\tacz\tacz_default_gun\data\tacz\data\attachments\sniper_extended_mag_1_data.json,1
index,attachments,tacz:sniper_extended_mag_2,extended_mag,,tacz.attachment.sniper_extended_mag_2.name,tacz:sniper_extended_mag_2_display,C:\Users\User\AppData\Roaming\.minecraft\versions\Lucky World Invasion 2.7.2\tacz\tacz_default_gun\data\tacz\index\attachments\sniper_extended_mag_2.json,,,tacz:sniper_extended_mag_2_data,,,,0.8,,,,,,C:\Users\User\AppData\Roaming\.minecraft\versions\Lucky World Invasion 2.7.2\tacz\tacz_default_gun\data\tacz\data\attachments\sniper_extended_mag_2_data.json,2
index,attachments,tacz:sniper_extended_mag_3,extended_mag,,tacz.attachment.sniper_extended_mag_3.name,tacz:sniper_extended_mag_3_display,C:\Users\User\AppData\Roaming\.minecraft\versions\Lucky World Invasion 2.7.2\tacz\tacz_default_gun\data\tacz\index\attachments\sniper_extended_mag_3.json,,,tacz:sniper_extended_mag_3_data,,,,1.2,,,,,,C:\Users\User\AppData\Roaming\.minecraft\versions\Lucky World Invasion 2.7.2\tacz\tacz_default_gun\data\tacz\data\attachments\sniper_extended_mag_3_data.json,3
index,attachments,tacz:stock_ak12,stock,,tacz.attachment.stock_ak12.name,tacz:stock_ak12_display,C:\Users\User\AppData\Roaming\.minecraft\versions\Lucky World Invasion 2.7.2\tacz\tacz_default_gun\data\tacz\index\attachments\stock_ak12.json,,,tacz:stock_ak12_data,,,,0.148,,,,,,C:\Users\User\AppData\Roaming\.minecraft\versions\Lucky World Invasion 2.7.2\tacz\tacz_default_gun\data\tacz\data\attachments\stock_ak12_data.json,
index,attachments,tacz:stock_carbon_bone_c5,stock,,tacz.attachment.stock_carbon_bone_c5.name,tacz:stock_carbon_bone_c5_display,C:\Users\User\AppData\Roaming\.minecraft\versions\Lucky World Invasion 2.7.2\tacz\tacz_default_gun\data\tacz\index\attachments\stock_carbon_bone_c5.json,,,tacz:stock_carbon_bone_c5_data,,,,0.3,,,,,,C:\Users\User\AppData\Roaming\.minecraft\versions\Lucky World Invasion 2.7.2\tacz\tacz_default_gun\data\tacz\data\attachments\stock_carbon_bone_c5_data.json,
index,attachments,tacz:stock_hk_slim_line,stock,,tacz.attachment.stock_hk_slim_line.name,tacz:stock_hk_slim_line_display,C:\Users\User\AppData\Roaming\.minecraft\versions\Lucky World Invasion 2.7.2\tacz\tacz_default_gun\data\tacz\index\attachments\stock_hk_slim_line.json,,,tacz:stock_hk_slim_line_data,,,,0.695,,,,,,C:\Users\User\AppData\Roaming\.minecraft\versions\Lucky World Invasion 2.7.2\tacz\tacz_default_gun\data\tacz\data\attachments\stock_hk_slim_line_data.json,
index,attachments,tacz:stock_m4ss,stock,,tacz.attachment.stock_m4ss.name,tacz:stock_m4ss_display,C:\Users\User\AppData\Roaming\.minecraft\versions\Lucky World Invasion 2.7.2\tacz\tacz_default_gun\data\tacz\index\attachments\stock_m4ss.json,,,tacz:stock_m4ss_data,,,,0.695,,,,,,C:\Users\User\AppData\Roaming\.minecraft\versions\Lucky World Invasion 2.7.2\tacz\tacz_default_gun\data\tacz\data\attachments\stock_m4ss_data.json,
index,attachments,tacz:stock_militech_b5,stock,,tacz.attachment.stock_militech_b5.name,tacz:stock_militech_b5_display,C:\Users\User\AppData\Roaming\.minecraft\versions\Lucky World Invasion 2.7.2\tacz\tacz_default_gun\data\tacz\index\attachments\stock_militech_b5.json,,,tacz:stock_militech_b5_data,,,,0.5,,,,,,C:\Users\User\AppData\Roaming\.minecraft\versions\Lucky World Invasion 2.7.2\tacz\tacz_default_gun\data\tacz\data\attachments\stock_militech_b5_data.json,
index,attachments,tacz:stock_moe,stock,,tacz.attachment.stock_moe.name,tacz:stock_moe_display,C:\Users\User\AppData\Roaming\.minecraft\versions\Lucky World Invasion 2.7.2\tacz\tacz_default_gun\data\tacz\index\attachments\stock_moe.json,,,tacz:stock_moe_data,,,,0.15,,,,,,C:\Users\User\AppData\Roaming\.minecraft\versions\Lucky World Invasion 2.7.2\tacz\tacz_default_gun\data\tacz\data\attachments\stock_moe_data.json,
index,attachments,tacz:stock_ripstock,stock,,tacz.attachment.stock_ripstock.name,tacz:stock_ripstock_display,C:\Users\User\AppData\Roaming\.minecraft\versions\Lucky World Invasion 2.7.2\tacz\tacz_default_gun\data\tacz\index\attachments\stock_ripstock.json,,,tacz:stock_ripstock_data,,,,0.12,,,,,,C:\Users\User\AppData\Roaming\.minecraft\versions\Lucky World Invasion 2.7.2\tacz\tacz_default_gun\data\tacz\data\attachments\stock_ripstock_data.json,
index,attachments,tacz:stock_sba3,stock,,tacz.attachment.stock_sba3.name,tacz:stock_sba3_display,C:\Users\User\AppData\Roaming\.minecraft\versions\Lucky World Invasion 2.7.2\tacz\tacz_default_gun\data\tacz\index\attachments\stock_sba3.json,,,tacz:stock_sba3_data,,,,0.1,,,,,,C:\Users\User\AppData\Roaming\.minecraft\versions\Lucky World Invasion 2.7.2\tacz\tacz_default_gun\data\tacz\data\attachments\stock_sba3_data.json,
index,attachments,tacz:stock_tactical_ar,stock,,tacz.attachment.stock_tactical_ar.name,tacz:stock_tactical_ar_display,C:\Users\User\AppData\Roaming\.minecraft\versions\Lucky World Invasion 2.7.2\tacz\tacz_default_gun\data\tacz\index\attachments\stock_tactical_ar.json,,,tacz:stock_tactical_ar_data,,,,0.4,,,,,,C:\Users\User\AppData\Roaming\.minecraft\versions\Lucky World Invasion 2.7.2\tacz\tacz_default_gun\data\tacz\data\attachments\stock_tactical_ar_data.json,
